energy_carb,energy_protein,energy_fibre,energy_fat,h_nutrients_calories
75.97383143,19.54463549,2.847974027,80.40547101,1.529687757
72.2864421,21.18762425,2.828158129,79.34854176,1.559695068
75.88320946,20.05551669,2.881214229,78.05447277,1.546838859
77.71415087,18.81468056,2.858782478,76.47723735,1.539350392
75.62831423,21.03126881,2.948397073,82.23222339,1.544783805
72.14810671,20.21515818,2.75980464,77.52132101,1.555264731
72.15662731,19.90256205,2.8515971,75.82740123,1.558589209
78.46033082,20.79663754,2.908026126,80.32722233,1.55194118
78.33868609,19.64083405,2.912205084,76.37115681,1.537119047
75.1459873,19.84260042,2.818126182,80.3758573,1.535661566
75.39574652,21.40802192,2.863102664,74.96182744,1.566062072
74.02491087,19.57467794,2.735849057,76.77330254,1.551454662
82.84710979,20.79713146,2.966526052,82.33742196,1.520178565
85.17878643,20.9219532,2.879895877,75.87735575,1.536321553
75.79400171,20.62977721,2.926199657,80.0441009,1.544932616
73.34856227,19.81427579,2.710732229,81.57409754,1.548285049
80.36071666,19.5342933,3.225989825,77.35336762,1.535004481
70.22620692,21.35398389,3.067055268,77.81024032,1.579633216
76.49620578,21.04317756,2.863080014,74.97855122,1.562769386
63.37379638,19.60141733,3.032912693,74.28903294,1.584691492
66.49082587,19.96419323,2.828769294,72.90252947,1.579912381
66.54698493,21.30510665,3.004697453,78.12250473,1.589248524
70.4319732,21.04351146,2.976270191,78.23299712,1.584532491
67.0422718,21.5750479,3.139172957,78.27498037,1.59220043
66.63677991,16.95025458,2.9907484,68.89468108,1.555657629
62.02182427,19.81421735,3.130815642,73.414256,1.589852951
61.33647923,19.30141511,3.247031443,74.73098972,1.579789327
64.39750052,17.76041012,3.084095128,64.5008988,1.585616908
70.29334046,18.78226283,3.000052003,73.08112871,1.553788467
62.07547809,18.4493131,2.995366787,68.14698517,1.586734282
69.65807855,21.4506596,3.090361054,78.31440889,1.604296712
65.35113114,20.37331077,3.024058686,75.83526689,1.583359562
67.13352516,20.92896305,3.006966064,76.12355837,1.598083997
64.63406025,20.65994107,3.075252738,76.46296325,1.589225095
72.63005231,20.98840579,2.955348867,78.78396482,1.583833414
62.87087677,21.07165417,3.016420218,76.06823694,1.596952751
63.18543243,18.28524897,3.090689225,70.72653724,1.575551088
67.53773056,20.90862852,3.019908087,78.02523093,1.576981272
77.84566651,19.84367887,2.891507748,77.73442321,1.541767767
70.48885682,19.44048891,2.873036154,78.53281122,1.54670853
65.08168228,20.52198367,3.090840281,73.49511543,1.593665987
72.34575583,20.52280998,2.942573013,76.91055126,1.567995656
71.22564295,20.84366986,2.933783014,78.1390115,1.573024593
72.13274934,19.91784316,2.962192664,79.13702539,1.550175243
74.72328337,21.34036145,2.883003306,79.889245,1.552619888
70.64466896,21.80139785,2.918998905,78.7426819,1.574783457
72.70872429,18.49079658,3.050402654,79.96916166,1.536572116
66.8298141,20.12915507,2.907925635,75.62368407,1.587413432
64.56444388,20.39096396,2.973163947,80.01153301,1.571923514
69.04207358,19.41862459,3.021341788,74.74073822,1.561890072
70.32496486,18.98332036,2.890791549,75.59671937,1.563209316
63.75750891,20.68581436,3.009464709,76.9679294,1.59443694
72.51545297,19.51416218,2.823503051,74.05919076,1.562436119
75.9225315,20.67639572,2.8218522,75.19473417,1.550610409
70.63732834,19.27291244,2.822523625,76.12775246,1.550498227
71.65306744,19.78846123,2.883275044,74.06480473,1.566131734
68.98711336,20.34251325,2.959924049,76.62072392,1.576038304
73.42372093,19.32197559,2.821744554,74.38343865,1.55481768
72.62984827,20.78980831,2.918446028,80.44835602,1.558483125
74.70285898,22.45193857,3.21417678,81.86220599,1.578353333
74.86672156,21.12512609,3.235604735,77.42089732,1.571228387
74.1944557,20.65415739,3.125598194,73.31254005,1.588601852
78.32259982,21.31905926,3.464191838,81.03404312,1.552714405
72.33191161,20.52031753,3.20654366,74.12103991,1.576436006
73.30472485,20.46621634,2.83768009,83.97156501,1.571356065
69.83245018,20.34508596,3.077913271,78.43905538,1.579423798
85.51280279,21.38654961,3.016916832,76.82261852,1.551630012
76.48210263,21.27080517,2.880892783,80.38438986,1.551328436
69.37598408,20.19341045,2.789283614,74.49252575,1.602318155
72.75988188,21.15880399,3.053451458,85.910299,1.545795751
83.53691992,21.43837919,3.365451061,80.38410801,1.547590458
81.09062516,20.9373424,3.116505362,76.77176798,1.560095485
78.79591461,21.4288435,3.08838888,79.14007142,1.560600473
74.65049983,21.42880834,2.919347898,80.97720953,1.553966928
76.1405759,19.90236708,3.112905912,76.87839182,1.557077134
73.78105049,19.47931911,2.883557364,78.49537207,1.575871128
77.98898177,21.87838429,3.5314446,80.46419074,1.561078642
76.11254426,20.14874534,2.945822725,81.55467582,1.543938855
77.67748781,21.8570829,3.303916063,80.9753155,1.584000676
72.53765085,21.28077429,3.136360378,74.83734329,1.595393686
55.76964024,19.36106906,3.067108219,73.12755744,1.605277973
62.77746848,20.16263822,2.886338506,75.69835112,1.601341607
63.03676686,21.14929641,2.916221997,76.16882472,1.593949901
65.22515664,20.5716022,2.94311019,76.17452876,1.608246274
59.77319369,20.64529115,3.070381996,75.78994317,1.613197563
58.04493,20.05954526,3.189903672,78.14224912,1.591275768
66.4786724,21.31769992,3.248623916,83.49435771,1.586322587
59.49450447,20.89042514,3.214222908,78.62435569,1.60890361
61.66324456,19.90373519,2.910644375,75.21418634,1.595750962
59.54027715,21.04241965,2.965636841,78.64769222,1.612631754
64.38592158,20.44221193,2.955170527,74.37800781,1.603440856
64.10485689,20.07604345,3.01113464,74.71257258,1.613272624
64.79642547,19.50354471,2.847383815,75.23022314,1.583139724
65.86812275,20.42762173,2.830964981,71.85820808,1.580207186
68.73524473,20.18226948,3.040879927,74.32186966,1.571785779
66.98145655,20.54097392,2.968267504,74.63137269,1.585011041
63.27169097,20.14669457,3.001192494,76.52998662,1.58919139
60.84847852,21.09661105,3.051055443,75.09898157,1.606364773
64.36816867,21.73464054,3.124364811,80.58307797,1.580719893
67.5153828,21.05655795,3.151689146,81.31194365,1.572648356
76.66338338,19.98241441,2.948608609,77.28171532,1.54706331
61.3194072,21.41951083,3.029844542,77.36776465,1.60224851
61.64969263,21.40524213,3.094372915,76.76471353,1.604536241
63.67154975,21.10609386,2.915833049,75.49920468,1.594704738
69.00712934,21.47505381,3.181672284,79.98497178,1.573425918
73.09309915,20.40831347,2.966695985,76.87999164,1.559700839
73.2100211,20.6240821,3.040819106,81.89529973,1.561471254
66.0758155,21.45004303,3.108973735,77.04456055,1.591395366
71.04820418,21.26983326,3.046033612,79.29473371,1.569507687
75.82956811,19.51695922,3.127167299,74.70937205,1.550893632
66.31571926,21.44432938,3.196069064,77.93182966,1.593711523
72.79496605,19.55626801,3.016934794,76.59357801,1.556314893
71.67143563,20.48723484,2.913915954,77.5493312,1.572192106
78.73787176,20.29374808,3.0399041,83.49447778,1.53372215
73.06934863,21.62044837,3.072448367,75.93251545,1.565329421
71.00395691,20.09849182,3.064193121,78.71697176,1.557827406
63.49683503,21.01027482,3.121457044,76.81436234,1.596414283
84.93153213,19.32885667,3.005140033,75.74663921,1.514837527
75.15790554,19.83527036,2.89366872,85.86725975,1.512761168
64.39402428,21.83689445,3.091220654,76.97231284,1.602492907
64.99854319,21.3911867,3.126950973,78.38136357,1.592340521
65.54872804,21.36427137,3.062444713,77.55912943,1.588975536
71.36409188,21.5530507,3.021460194,77.26756477,1.585543877
72.52985973,22.34770879,2.936796887,76.08053938,1.591401269
67.92693941,21.52763593,3.173022157,78.14180835,1.586318076
73.48854049,21.4144569,2.829567309,78.44417579,1.558306079
74.85542859,21.59738544,2.841915509,77.67709622,1.558192301
72.85904897,21.14950984,2.80873062,77.77673236,1.563684974
67.90637122,21.59405365,2.962276942,76.95981218,1.598773814
73.30681532,21.20501694,2.864503023,78.48043956,1.555625316
70.00450343,21.63954993,2.938640872,76.62277287,1.593328889
73.26918017,21.65464006,2.897962483,77.70437328,1.567362569
74.63656763,21.84901893,2.847215017,77.92668747,1.564324625
71.21110584,21.3801316,3.059365426,78.08440616,1.566338516
74.41713163,21.23487027,2.85731931,76.95979675,1.558376317
70.39920433,21.78109446,2.83855303,76.55238752,1.592785341
72.18277522,21.2163074,3.150323247,77.73458084,1.579519407
65.3843946,21.41963304,3.081599893,77.87924792,1.594314254
70.2860717,22.29875874,2.949604279,74.93680548,1.603748592
74.25009924,21.373137,2.812452852,77.52294856,1.566825017
74.26488021,21.04631619,2.7968081,78.96726607,1.552960056
70.09002437,22.03043756,3.166565934,77.12717098,1.608083753
73.92559375,20.51953606,2.794496394,77.83330457,1.548942053
67.4618067,21.1552344,3.113809741,79.13722123,1.591629237
73.36028717,21.23818136,2.911389211,79.11685412,1.562423957
76.27840498,21.60230779,2.97035514,77.65576262,1.565659635
70.19251403,21.31761816,2.930762334,75.0353708,1.597888032
73.31560797,20.94714111,2.947797208,76.99595527,1.595159359
70.65501322,20.6618795,2.790199617,74.86811895,1.58216894
72.66624129,20.99945423,2.873377684,76.86934654,1.565569587
67.21002749,21.42473276,2.957120408,75.12973566,1.599219289
70.12296452,21.24314836,2.95702997,76.62486294,1.58663044
71.16179748,20.04480625,2.833656132,76.83815367,1.584467777
66.95509563,21.4818046,3.038534264,76.73912936,1.59299517
74.37705612,20.23110995,2.860898959,75.85530627,1.557141316
71.05889864,22.06143782,3.003898966,78.85178936,1.588567523
71.4982745,19.81475144,2.717908862,76.07021812,1.567770529
72.69458107,21.37478639,2.803465905,77.67490286,1.568307267
68.43622035,21.37277784,2.870618232,77.41625716,1.585069901
60.37626303,22.36841564,3.147761735,78.61445399,1.610092485
62.56473374,21.33224951,3.005894552,78.39516765,1.583315582
59.41111021,21.83047035,3.108242725,77.73688949,1.601544022
66.72907227,21.45376584,2.905763276,75.90617679,1.592839668
61.82748278,20.97605486,2.902375768,75.22050579,1.609727824
60.912652,21.60099531,3.007507607,74.02124471,1.60831583
65.24122326,21.68750373,3.134050356,78.79708601,1.593719185
59.1952611,21.99945503,3.036099694,74.88915452,1.627970308
60.36784548,22.14715973,3.01148354,75.84044024,1.613670056
59.761251,22.04855386,3.134154861,78.46076985,1.617464187
62.63041642,21.38165386,3.188407931,76.32634947,1.627659259
60.29841319,21.96877828,3.15998464,79.82183051,1.60836146
62.83905636,20.7799127,2.945257734,75.32502928,1.597502905
64.79749583,21.71380201,3.057756904,79.555578,1.587657207
60.12608517,21.38923548,3.076761599,75.18467369,1.631815015
66.00032409,21.1209309,2.968792547,76.16788585,1.580052945
62.6474152,22.06630921,3.245307711,79.63987786,1.620871362
65.08480202,21.28596697,3.002043083,76.96323655,1.596700135
70.19915923,21.30558977,2.900123169,81.27833931,1.559611405
61.79132879,21.90650152,3.150717803,77.40098182,1.618712061
65.93244278,21.5464297,3.191532108,79.89303704,1.595043193
66.16305871,20.98199782,2.987423143,80.15864731,1.59177986
61.43484616,21.61969194,3.167314804,79.11434713,1.614519566
66.92305512,21.81831551,3.051808872,79.41167882,1.594342673
61.71158825,22.1175451,3.116964935,81.48938955,1.614991936
66.35497135,19.72816428,2.796979589,79.36128529,1.580637974
71.86512747,21.06667805,2.81340887,77.52509224,1.558838953
68.10456337,20.97163917,2.872378192,78.51871762,1.574754232
71.50065207,20.14006911,3.073967738,75.50203248,1.559560526
67.32533056,21.98879401,3.132717895,78.87499715,1.592267438
69.28679333,21.08960307,2.919707988,76.74115116,1.574104117
68.90536324,20.75881126,2.85749681,77.14889543,1.571023586
72.30574963,21.0446129,2.931642577,79.20603194,1.562061784
73.08513343,21.28658852,2.786650757,79.66679694,1.555891924
66.04330425,20.73626071,2.92360471,80.41750994,1.582176224
71.69305956,19.80378817,2.884196395,74.06391537,1.56780288
69.74732813,17.90812086,2.938368274,73.18656544,1.542480042
73.88718992,19.56135957,2.867005425,74.87920658,1.54851319
69.14337399,20.14662234,2.921791621,74.76099515,1.570138057
69.53396191,19.70096559,2.858099907,78.39028385,1.558656325
71.93090415,20.26885086,2.977335208,74.98064042,1.569813284
65.86561755,19.29677358,3.072048949,70.53447282,1.595922007
70.10556185,19.66293176,3.113478962,73.52538591,1.57356082
68.47544808,19.95711635,3.027830342,74.22132083,1.578897517
74.50595854,18.71250974,2.769629939,76.652101,1.534686022
75.05058606,19.64182387,2.961424594,74.65503362,1.54395417
70.98035828,20.00136446,2.93799054,76.58168446,1.562523472
67.58457685,20.37094108,3.011157133,73.74441688,1.5920635
68.93725441,20.03395124,3.075111588,73.69084386,1.580100036
72.25386743,18.1016189,2.774269963,72.92105461,1.545991031
69.04886261,18.93205022,2.851667275,75.21430129,1.558819406
71.92399533,18.82796239,2.69770389,74.51617034,1.555832998
70.70085978,18.74512789,2.772635336,76.60597026,1.564934196
72.31152326,18.61437153,3.010912999,74.54919478,1.541780138
75.06469146,19.88506889,2.930562342,75.69830199,1.544361579
70.64965136,19.9308667,2.922139923,77.15805916,1.558621635
73.94573189,20.82270542,2.949643384,77.79909085,1.560188732
76.84492487,20.82146581,3.165685373,76.31621895,1.563133899
78.40471645,21.96117812,3.03990016,82.93671625,1.544925854
79.90518853,21.36240644,3.355966671,77.54814857,1.564614883
73.78093779,19.14215957,2.867463479,80.80966044,1.527210143
81.17241015,22.13994951,3.196249549,78.50969924,1.552408279
74.27147799,21.2242882,2.944264028,80.10148856,1.566302835
78.30087573,21.06647206,2.986113428,85.90862177,1.539388773
80.81507168,20.83341686,2.967061745,79.65819844,1.566394187
77.10200881,21.73863436,2.97160793,75.63526652,1.581041781
71.9785526,19.90472735,2.912264342,72.98059497,1.571958847
79.79090671,22.42292573,3.101960784,87.78257968,1.54830317
83.16950121,20.99061087,2.949136933,80.31288623,1.534593413
73.99879576,22.05866575,3.105302771,77.00085015,1.57537238
76.44061524,21.81886323,3.337322006,77.60866818,1.564125733
76.1015224,20.42827376,2.975334318,78.29239764,1.539610869
78.40673516,21.15855403,3.071784627,76.79853767,1.552306963
80.96797568,21.25264664,3.432188841,77.84024678,1.561999034
81.80299065,20.01370237,3.218619698,80.08570093,1.535064162
72.29326656,20.35022816,2.957289928,78.27095159,1.560572744
69.43445702,20.15078325,2.880749449,76.29976488,1.554131685
69.22666205,21.2995468,2.884304155,76.05781174,1.599095754
74.2695114,19.20762215,2.996449511,80.63267101,1.531822283
68.47845434,21.26898598,2.946099044,76.56365227,1.600370459
71.08213316,21.1795413,2.961678913,77.33462926,1.579004575
76.05113984,19.61710928,2.956944771,82.70586275,1.539130287
77.15561006,20.25352262,2.860618383,80.67127045,1.539084342
72.14582751,20.89948959,3.088957743,77.35241995,1.576686289
71.4866512,21.30263636,2.901633309,75.09944188,1.603150952
66.70846,20.12003886,3.038026883,73.44447765,1.592271127
69.02252033,21.25812919,2.95204712,76.5746558,1.589892711
75.7194355,20.42250062,3.167467195,80.14625897,1.56040821
73.54558327,20.43798324,2.84700891,78.81278289,1.561324952
75.872,19.8998559,2.778981366,81.57758758,1.520348825
73.68752405,21.00087401,3.216720105,79.2217492,1.576086179
72.18700607,20.17408909,3.051709338,78.25967116,1.559270117
74.84149001,20.6970321,3.113703816,82.4788401,1.569947127
69.08174161,20.94064514,2.975245253,74.35481349,1.602075178
76.98807923,20.380589,2.947589262,80.69055434,1.545020783
75.41975806,20.18704973,2.812264785,80.62749496,1.54147298
77.29347881,19.67318506,3.061099454,80.80472304,1.533309824
67.50965504,21.47190456,3.088638593,79.48546682,1.581328516
63.83738088,21.37930975,3.227265842,78.62070751,1.604438239
67.91029241,21.88561203,3.168720598,78.08992252,1.593753978
66.27516165,17.23407642,2.675333484,78.26439069,1.564407031
70.46725888,19.33595178,2.997652284,79.22723985,1.54401974
71.35808383,19.6402627,3.138968515,77.07264825,1.553864466
65.08136273,17.59799599,2.811022044,75.30583166,1.566869112
73.89693034,19.60101535,2.903659976,74.51431523,1.567387603
72.6301676,19.06851397,2.970860335,78.97239553,1.53793464
73.71881486,21.33172696,3.137619905,77.29612211,1.582606556
71.81539084,18.25104984,2.844725525,90.0972173,1.527077804
69.82813661,20.85016777,3.192570401,86.95303625,1.548952411
73.38980761,20.25622916,3.072723386,80.41209491,1.562335231
76.40641232,20.82038502,3.108260413,77.19353868,1.551137356
75.52430834,20.06023231,2.938162619,87.9464604,1.5439357
71.89192759,22.90291585,3.179843444,83.1806727,1.57505749
68.66934718,20.25766618,3.147881522,77.07306154,1.568250411
67.50227287,21.07842154,3.172851025,78.73657296,1.58061797
63.0837409,21.34700652,3.146347259,74.7929977,1.616300762
65.95976055,20.74758948,3.138496667,72.8238688,1.597682365
64.47048772,20.35834528,2.838509205,75.11194533,1.599579642
60.54316849,21.18077775,2.953319351,71.51491475,1.619291975
65.00727384,20.99015266,2.854610045,76.00709885,1.606873402
65.82706822,20.82484962,3.02976042,76.03387874,1.601653726
67.66874498,21.62675232,3.034592395,78.46800197,1.586233599
62.34565903,21.79743267,3.087257312,74.48270465,1.616566856
63.4720715,20.99197395,3.019561281,75.06680652,1.607111033
66.49480379,22.97889368,3.270170344,79.5293583,1.601602135
64.45123377,21.23658896,2.937411246,75.24304266,1.597653898
67.3350197,22.15900376,3.207625775,78.95011683,1.594973531
66.42858596,21.82769698,3.000901484,78.11568707,1.597537012
66.65737349,21.65697756,3.139981297,78.68307793,1.589367993
62.54027219,21.65697554,2.973063639,74.50945156,1.610538152
64.0912378,20.53629075,2.897585194,74.64236392,1.605840235
65.86039047,21.73148276,3.030694651,77.68741758,1.594592668
71.49627959,20.25283728,3.133633972,75.10924464,1.625963519
78.35914397,21.36618677,3.781809339,75.80749027,1.580265444
76.32109554,19.5995083,3.183308173,78.75475523,1.579669561
72.3960368,20.66081623,3.384052843,74.56585987,1.582161994
78.97730328,20.67828158,3.002228839,81.31919183,1.546632097
78.36664636,20.60521151,3.064906937,86.16256447,1.536811404
67.70023346,23.32982768,4.003168427,90.48011673,1.577063696
74.06377863,21.26232706,3.290859605,80.83181901,1.571580416
65.8069898,21.30625,3.526913265,76.49684311,1.598798615
68.54536716,22.41246106,3.04753004,86.37436582,1.576853569
74.01996161,21.06845489,2.975047985,81.22806622,1.571570623
65.1795604,20.70914898,2.824948337,75.03651512,1.588647536
71.53433324,21.75921462,3.411562585,73.94627761,1.605514835
70.14869364,21.84028902,3.450809249,78.40066474,1.594898199
70.35975017,20.43783484,2.928244275,79.88920888,1.577990016
72.17293169,19.61612219,3.513279593,74.12494697,1.56592752
65.12919764,21.31935422,3.013421337,73.46757041,1.606196957
66.78351231,21.53783388,2.972766084,75.48160949,1.600113104
60.6586189,22.2377674,3.13420018,75.4246048,1.625267759
65.44840018,20.47840532,2.975155591,73.45567674,1.606955002
70.15202491,20.82354154,2.859923129,76.41505717,1.57214272
66.5021447,21.64002339,2.921443313,73.89888744,1.606728057
68.06740954,20.59112393,2.996726399,75.67767034,1.584720018
66.42834554,20.9852366,2.915130278,77.82315522,1.589023894
67.89920281,20.70034484,2.841282722,75.48441903,1.587153423
67.65708897,21.11911838,2.964247059,75.85130879,1.590035307
64.89687705,21.95273186,2.987246723,75.2556016,1.605770512
65.13457458,22.00131471,2.949782771,75.71886985,1.602152665
63.84163282,21.30135821,2.998186805,75.30291391,1.604002599
66.2353008,21.16814421,2.945288463,74.474149,1.5963783
67.0219301,21.38344341,2.950176074,76.94114305,1.593682076
70.10413734,20.62121789,2.988248219,76.2688729,1.578233747
66.44013818,21.4604814,3.013468239,75.6449379,1.599062674
67.55533671,21.5226054,2.933043243,76.68390699,1.593134452
65.58813027,21.10555293,2.993020316,75.81693577,1.608265939
67.89244341,21.08879625,2.906075454,75.83386324,1.589522079
67.89503565,21.33712049,2.881332003,75.2804655,1.584250722
74.18255893,20.91191959,2.758284867,77.37412482,1.565527147
66.89599193,21.55533934,3.055804532,76.46961654,1.604227947
66.56192243,21.06891977,2.977300803,76.36688501,1.595882831
71.87056611,21.51312857,2.977212371,77.20939529,1.574262933
71.79620563,21.52007778,3.041363208,76.96492336,1.572369947
80.57697906,20.85258813,2.890490425,75.69976227,1.552291763
67.93620143,21.76544485,2.887292338,76.21882958,1.587908161
69.79896321,20.22071933,2.93000734,78.11502766,1.585748812
74.27892217,20.71278788,2.853087239,78.37051465,1.565471101
68.93242512,21.06166284,3.011048268,79.18037025,1.574356272
74.71144063,20.54696251,3.040299134,73.77451736,1.57263021
65.9375398,21.09996026,2.87516978,74.90241594,1.593289254
67.92990643,20.5896425,2.940560395,73.92975365,1.588908283
71.93209157,21.10229699,2.880836418,76.75179728,1.577321882
70.85340707,21.63816152,2.949334363,75.9385001,1.585568401
70.93375852,19.80012829,2.857486621,75.26154827,1.578432849
71.62752411,21.347118,2.9917172,75.58656043,1.57791255
76.41341429,20.47123171,2.78532883,76.66290691,1.556023644
64.99127257,20.2895741,3.053766792,74.92805201,1.604286818
67.24639712,20.8434166,3.008425064,76.93045777,1.598639782
64.36805911,19.63668373,2.75754538,75.84649465,1.582615596
68.5741964,18.97795479,2.866748499,75.72431826,1.568870742
66.15270743,21.33422857,3.200727429,76.12789371,1.608088192
71.24727521,18.86093232,2.821595475,79.29081627,1.5435314
67.82405467,19.82899317,2.890764725,74.82676147,1.594975241
62.86818258,20.94504838,3.129188052,74.65857331,1.616342031
70.10635156,19.51542434,2.807550589,78.03237844,1.562882888
71.85819448,20.08956355,2.852010236,76.57128412,1.567961896
78.15105949,19.83169361,3.054057448,83.10418616,1.543439342
63.37282936,20.5302058,2.98392481,75.08360841,1.606446757
75.27268494,20.40115965,3.026430065,76.80229929,1.55499242
73.00222416,21.23280534,2.886479064,82.47965187,1.555397377
65.96269798,21.109817,3.165668016,78.73117652,1.603563744
69.16812822,18.75174814,2.715993131,69.70178019,1.569413115
63.97450794,21.25942256,3.167642316,75.1126791,1.614226645
59.30489114,21.07633142,3.157633231,74.75119674,1.625042592
66.67068681,20.64440118,3.045961688,79.62331537,1.58627509
67.26153551,20.9205547,3.226381958,77.81912188,1.588743077
68.10961817,20.91304778,2.739345324,77.75501602,1.578495696
76.59419947,18.89927249,2.751560523,79.00587384,1.523708287
72.92581912,19.98543288,2.768709404,77.12171395,1.561944094
67.05195606,20.28176986,2.779738738,74.3628899,1.581314706
70.17011417,20.97760237,2.805655431,76.86323098,1.57531714
77.10095728,18.39878745,2.675316465,80.19081746,1.506590859
79.36339324,16.97670238,2.683304646,81.90583139,1.480301166
73.66994819,19.47344315,2.708773762,77.26443221,1.533275646
69.49603912,20.39717373,2.818629736,85.75743879,1.547187661
70.24865143,18.04085302,2.709632431,78.48376473,1.532486591
78.38355332,17.6978456,2.667311329,81.82713426,1.488664514
77.07508379,17.83080401,2.685971712,82.12497103,1.495104739
76.7908084,18.17929822,2.655233603,78.74156995,1.502119602
75.30629925,18.65597706,2.71906535,80.5112928,1.522400268
78.64529153,19.54912396,2.793926027,82.27082035,1.510935705
73.97473681,20.16076565,2.751645733,78.1259565,1.545510573
67.22225584,20.78188532,2.802134999,76.18471674,1.583551643
66.99193729,20.22597061,2.837037102,75.93178284,1.575950748
75.48987214,18.55084092,2.723250763,80.97886403,1.524135482
71.98652632,20.49198826,2.848891075,76.80392939,1.553799495
59.40653319,21.170576,3.074381929,76.92011309,1.61047812
61.52658208,20.4605753,2.964795342,75.48799861,1.633888904
71.57113762,21.44827466,3.466569683,76.02263602,1.632887944
82.44327508,22.75494208,3.466247791,78.53651286,1.573747422
68.25412569,26.05404019,3.655237281,79.60055579,1.61679588
80.22130483,22.18857353,3.586214523,87.02067822,1.548161514
72.04343523,19.96320233,3.089432314,79.77668122,1.58806129
75.79986462,20.51844461,3.19473011,87.27895625,1.553703475
64.25525815,20.77926576,3.224308907,79.82934182,1.605548824
65.21393254,21.01251743,3.164565668,82.55045308,1.582664201
67.2386786,19.73619179,3.149506768,76.12981074,1.596482505
64.80942716,20.21287129,3.401096181,77.28189887,1.611130565
63.3970894,21.97740818,3.286590437,78.56922037,1.622364571
68.66115165,22.45299341,3.459868132,83.5326,1.615650385
60.69862098,22.68516506,3.242331801,73.8453949,1.632307731
65.52484211,21.52843665,3.280397661,82.16698246,1.590440906
74.80833102,20.82110525,3.222993613,80.61540683,1.56863211
75.98960251,20.1438304,3.40805589,80.35334859,1.564357912
77.7,20.44163551,2.890109034,81.98761682,1.5315151
63.94699282,17.77754729,2.956242661,69.91614481,1.555529445
74.9482127,19.06157087,3.166175143,76.26003611,1.566416335
77.32917749,20.24542569,3.162020202,73.55101299,1.5655024
76.20095408,20.73953488,3.064281455,78.57944544,1.547492847
72.93271233,19.82082192,3.317589041,79.53292603,1.547910163
80.84013378,20.36473092,3.424080268,76.77249012,1.569132249
75.40458569,19.30053422,2.920284656,77.24365373,1.544454617
74.74217497,20.60988622,2.962059317,76.59233352,1.579401217
75.72751956,19.64982026,3.173905688,82.47450412,1.541711914
83.75507437,21.90254189,3.255658068,82.5488778,1.543361317
70.89436793,20.20865365,3.110991778,81.79494604,1.562911843
73.47936808,21.59335597,3.296931936,81.53868448,1.565935466
77.55626197,21.93312907,3.25614707,77.16252202,1.572229767
83.14883117,20.61805195,3.258831169,84.97431818,1.530463507
74.47545626,21.67590848,3.101857335,81.20471063,1.565989414
75.55615996,20.86152013,2.998834746,81.77908633,1.553289
76.81444304,20.21861708,3.18042968,70.60008485,1.567475386
70.73873457,21.12203674,2.866434301,79.94084947,1.558956056
70.42374712,21.06485055,2.829917781,77.55867471,1.570812841
70.8909752,21.21249788,2.870458643,77.4440635,1.579368365
69.44845811,22.29019054,2.938579691,76.51820943,1.606562491
71.05858175,22.13287186,2.955601163,76.15520887,1.596028947
69.07796418,20.88395812,2.885073776,79.27910217,1.564837076
69.06591098,21.46832673,2.967996869,78.95221023,1.567287852
71.60129762,21.97949888,2.983755399,77.54078532,1.590980548
71.4025739,22.39697374,2.950179008,77.13085498,1.593886926
65.31274239,19.94242887,2.876591687,76.30327803,1.585116049
73.66311515,20.16314411,2.770833035,81.50539094,1.540576734
67.47390011,20.28628752,2.894647667,78.28468057,1.575445836
73.8965865,21.88710799,2.934765763,78.42401818,1.580294448
70.50967413,20.26282998,2.789475172,78.86920241,1.552708231
72.14903464,20.6898294,2.825182637,78.83309924,1.552827891
66.87863978,21.66252385,3.001566178,80.51763607,1.584740376
69.92183404,19.45334014,2.74603907,77.81853042,1.555904991
73.4622036,21.24569874,2.938994269,77.87841484,1.575775108
70.4318827,20.67045753,2.983067093,76.76118807,1.575055793
71.63585892,20.78848762,2.92305995,78.66835585,1.562158026
60.62066069,22.26913342,3.129921863,77.40484732,1.619742084
64.99356504,21.29103896,3.067956142,74.29126118,1.608565069
65.36335942,20.48016886,2.884654998,77.0671442,1.591610231
65.62945577,20.77945702,3.183723258,78.46667959,1.599999079
61.27316319,22.36184561,3.15339829,76.21540923,1.611757494
68.75856086,20.95169209,3.048929191,76.86071444,1.583434361
66.44409836,19.96105111,2.75956399,75.10865443,1.584099331
68.15847533,20.50760352,2.836794405,74.19269054,1.589333362
64.83250652,21.50586637,3.080628344,76.71609137,1.624895168
64.77007684,23.03497305,3.220432389,80.46995842,1.623259194
64.01506282,21.04371911,2.927792101,73.08530978,1.604591598
67.72645271,20.244233,2.958490033,75.1061961,1.584149124
60.05467371,20.81635076,3.002238435,76.52554011,1.606197301
63.39533528,21.68166404,3.167366764,80.89864223,1.614483331
63.26092807,20.88971244,3.037790914,75.87516063,1.607389621
64.49582183,20.77244354,3.150528545,76.05737531,1.619401214
68.40477248,19.15207332,2.792196282,77.71990366,1.565179017
65.13907229,21.89653782,3.065284162,76.80983431,1.624510802
62.99265518,20.46731334,3.108342906,77.9452388,1.583178069
64.89778393,20.44675397,3.131792999,76.54474503,1.594854718
56.42343633,20.02845536,3.02289783,71.79860196,1.590991997
61.84004336,20.49094997,3.018233357,72.85205854,1.600343656
63.60506433,20.06334068,2.939677785,74.34265962,1.592711592
70.52179695,21.12593762,3.067607167,75.72978275,1.573083812
70.01796547,19.89493388,2.726374791,77.28988783,1.540775221
67.28353552,20.79445783,2.994046531,78.12877192,1.569748697
64.02143519,19.87851228,2.880834235,77.04085022,1.579279811
57.073667,20.02933315,3.123393487,74.02472085,1.603006764
61.56782207,20.8903551,2.972401979,75.85320936,1.603949745
60.97883003,20.63619327,2.921410888,75.80387572,1.588655063
62.69517999,20.45325009,3.08364089,77.42098945,1.5749637
66.70871832,19.14993322,3.047341136,71.93016098,1.586920961
67.38548588,20.63702912,2.889952376,76.06635097,1.57402784
58.09266771,20.3544271,2.936164492,72.64524981,1.604889033
57.82217967,21.03329157,2.922026267,71.13288735,1.6524085
65.32275889,21.68834011,3.155282925,79.54050342,1.604591985
66.37908385,22.32563309,3.156968845,78.12214593,1.589516277
67.40857835,20.95624829,3.23094109,72.73005375,1.608935501
68.19293761,20.49681741,2.974074777,77.37025725,1.565726115
59.5345365,21.22551278,2.951555282,75.9831583,1.59738887
54.8314239,20.36072013,3.163576849,72.51410207,1.643232112
57.82567353,21.42250396,3.27118859,65.51400951,1.660914963
59.97410576,20.0652271,2.976731794,68.28573585,1.658045904
63.49417343,21.56957454,3.03641442,76.09159467,1.595080294
47.1130064,18.32889126,2.699733475,60.30191898,1.714735752
73.52013343,20.47794669,2.926207755,77.83121251,1.545593606
62.21294587,20.3946277,2.923512177,73.92264582,1.589677169
69.81654328,21.69327076,3.022725911,76.62790427,1.585569199
69.61233219,21.38007999,2.937605207,80.2301653,1.577270129
74.31640691,20.18920781,2.824477404,78.96953424,1.543034046
71.09757758,20.34420136,2.87041945,77.53371408,1.553618558
59.00932436,19.81080054,2.804029564,71.61146573,1.594568935
67.58219372,21.07944278,3.099494022,77.08651025,1.593825695
71.44515615,20.47380445,2.809258495,82.18502086,1.54630296
59.46458746,21.29633991,2.919869736,73.96873207,1.617592352
71.27857062,19.64819498,2.739947657,79.12433011,1.544870178
67.97055783,19.92247417,2.755649821,75.37404098,1.560939418
72.47151599,19.55126309,2.803135343,80.86252603,1.537979765
64.18668046,21.77863526,3.07414516,75.54690554,1.610525304
71.94755989,20.42919954,2.913069498,77.67709645,1.559848831
72.17363088,18.8725584,2.89268401,80.25988654,1.532123271
65.54978265,20.15961993,2.878613624,76.07549772,1.577461061
75.06677382,18.7995641,2.748018871,82.63846729,1.522908488
71.00988804,20.72868,2.865228569,77.65455525,1.563409162
68.22884936,20.19830357,2.940743699,74.71907647,1.571398746
63.71164611,20.37619088,3.103399464,74.92222327,1.597054941
68.06188628,18.32765965,2.95988546,78.30949948,1.549763237
66.49880081,21.57859506,3.036753908,79.04364781,1.596059413
64.39956443,20.56351717,2.898877736,75.35952576,1.593590118
60.74999411,20.88264102,2.886984584,75.6295298,1.608441895
67.29558487,20.80508652,2.916481773,80.29088247,1.570512938
69.10790726,20.64993233,2.914866721,78.16939166,1.570674886
71.87936658,21.20759272,2.922018787,79.05741641,1.570878626
66.37491956,20.72488244,2.831704651,76.37604813,1.58144621
70.15887783,20.88329405,2.803505463,76.87507334,1.571349451
63.8432241,21.34147896,2.989451644,76.44859909,1.594265598
63.64102572,21.38695691,2.896573578,76.84656823,1.581789421
70.93855483,20.62857415,2.853464201,78.85644037,1.551053938
68.60720896,20.32547086,2.935341028,78.3098056,1.567393851
67.34136892,21.13470655,2.977924962,80.00881903,1.57472393
68.62517562,19.45945743,2.783511002,78.28350861,1.582731058
69.74953737,18.74793973,3.011658493,72.02727811,1.566417969
67.56204501,18.77592161,3.26136981,71.42253667,1.567896028
66.87240136,20.2627773,3.019049837,78.98850988,1.570226552
72.31620011,20.78941868,2.915750043,78.54624323,1.568861931
71.53642184,19.86871142,2.901545528,75.24694196,1.55876428
59.20614115,21.3235709,2.963326635,76.32279514,1.600448435
61.45985584,19.95922624,2.924286555,78.46207944,1.57573291
56.39263943,21.08362001,2.911880532,77.30654958,1.599203249
61.09198065,20.32365261,2.972175976,73.51332259,1.610490139
61.92311284,21.71022098,2.994011977,74.53444048,1.626312154
61.77679475,21.10695789,3.156005637,71.25192933,1.606447004
67.19267813,20.31761959,2.853468924,75.98323971,1.586517562
60.17171736,21.85078538,3.050518023,76.38067352,1.612872227
65.1479035,20.55852061,2.92835934,75.30541331,1.601480029
58.10393521,20.78229575,3.107548478,74.87119057,1.603691801
56.48899227,21.19539448,3.03778453,76.22655414,1.621720822
64.47084556,20.94149242,2.902816848,76.77266322,1.587978442
58.66110733,21.32154513,3.020445319,74.65193539,1.615149842
62.08465496,20.39972638,2.96423163,78.94664249,1.5890825
58.72614743,21.48651919,3.03545392,74.45647102,1.630226069
56.63645648,20.37578337,2.950896196,74.29170522,1.630279108
61.38149732,21.97746816,3.014117184,75.07684951,1.619232119
63.72514671,20.80792107,3.095400528,76.74767232,1.601003614
63.21198545,21.15140438,2.938742036,73.85472518,1.605490123
107.4697363,22.80734248,3.34747216,68.08664915,1.520913256
69.37106801,20.75002234,2.996834391,80.46703816,1.569287105
65.07760885,21.32581271,2.923774412,74.5834132,1.592888083
71.17934556,21.57882612,3.179986794,79.24372032,1.578018799
64.71640636,22.08877299,3.169489421,80.80440894,1.614056521
65.25917087,20.63463733,3.031349268,77.56272167,1.593179324
72.12019614,21.26968823,2.842809019,75.08345384,1.571482699
68.34849442,20.8221278,3.042762617,74.6902813,1.606161677
63.7969001,21.75568857,2.997178898,71.49015446,1.622396024
84.17025472,22.2051216,3.153983245,69.76836194,1.575846955
64.59480353,22.07905066,3.00701,74.73715457,1.604443307
68.5345399,21.69232457,2.898989259,78.45238446,1.579926958
67.70303365,20.80007265,2.853740054,77.23425877,1.586887523
70.72728036,21.53114685,2.921787552,75.04034842,1.579044014
70.84595775,20.73345144,2.815997969,75.29893282,1.567578348
68.6857901,21.32922725,3.060040821,77.83703988,1.590074243
66.91769114,22.07197511,2.933998851,75.58958485,1.594718021
69.97375342,20.97323392,2.926255599,75.40681833,1.593995292
65.32926856,21.80542135,2.935892078,76.56047289,1.595109001
68.24310216,20.2961258,2.840795807,77.38512305,1.574359402
68.3978726,21.94525621,2.953274663,76.5136326,1.590400529
63.06091215,22.42694745,2.984170445,75.93713303,1.610558698
79.2854717,21.14356918,2.874685535,84.82885967,1.554043775
70.98207362,20.93410389,2.970340557,78.68839009,1.567541946
75.9717851,20.81213188,2.91458295,85.04635886,1.538954373
77.78302144,21.75832936,3.06997278,80.57127509,1.551869159
77.94541632,21.33743902,3.219175778,77.11097246,1.574787275
78.70252101,21.49933103,2.968528588,76.51572813,1.534116684
76.051697,21.82319471,3.235363498,77.05610025,1.559669582
72.05482988,20.63745636,2.923246134,75.22175182,1.567828067
74.06212252,20.99603106,2.964776531,74.56280242,1.579651247
77.14404841,21.20998744,3.031846101,76.09922103,1.562195395
77.7146879,20.84772611,3.300388535,75.78237898,1.56044943
76.85096661,22.0111775,3.039191564,77.22365773,1.585941815
74.59742095,21.18813512,3.008286287,75.94581212,1.569576979
75.82408702,20.89621713,3.215862287,78.16866406,1.56517927
81.17217271,21.14351198,2.984581549,79.35177173,1.536776171
81.68146836,20.75116781,2.9486358,76.10039719,1.543035212
81.54840571,21.03102946,3.028249317,77.50764197,1.552142634
73.05133225,19.89614839,2.98210218,78.74671162,1.550798821
77.16298766,19.56069372,2.989161452,82.58223717,1.513692897
71.18387617,22.05504896,2.935693549,83.80002564,1.575570031
72.10525725,19.21905051,2.622563143,76.03946667,1.576572001
70.882957,21.77598223,2.975631942,77.52327747,1.58057438
79.67209033,19.78184666,2.930951691,84.10547696,1.511282648
78.69064583,18.00204823,2.717231184,81.18041077,1.489460879
75.62563132,18.7975143,2.852405173,81.13247567,1.528160929
73.19088262,20.72986827,2.917497733,79.39132932,1.558367003
75.36242869,20.12846448,3.024857388,80.33363499,1.550682221
80.27508376,19.53208566,2.941351169,89.08528588,1.507835502
71.97082411,20.49583733,2.824657521,80.60302636,1.548939936
76.72849384,18.5069171,2.843785142,81.03141333,1.507287153
78.55011838,18.16687013,2.823790625,79.61072481,1.510521692
76.88039353,19.43981302,2.964087513,78.46480838,1.533482797
69.90461444,21.77831641,3.089577695,77.06566824,1.590137731
79.29114236,19.30182526,3.014807934,81.29894665,1.526234985
75.22828362,17.92186163,2.800601281,84.0945171,1.509528633
72.39258757,20.91046781,3.039575896,76.58996768,1.578445825
76.76978908,18.3466011,2.883333205,81.56928864,1.511438807
68.58727994,22.05349014,3.014673937,79.22229035,1.59537423
66.37983187,21.50073581,2.965980057,78.23124449,1.592274457
65.92822266,17.43167396,2.772544732,65.23536382,1.560781192
74.47979114,19.45515374,2.933823245,77.35813286,1.579102986
72.38416077,19.80713755,2.83155571,83.48190091,1.5385267
71.90270244,19.28535058,2.773806101,77.56538812,1.549742334
73.86553514,19.8005045,3.007423423,76.92622703,1.5630106
69.79047165,20.9223639,2.981166356,77.39931201,1.593179927
70.59872879,20.83702042,2.962591314,74.48984599,1.575930213
73.90766646,21.38777568,3.141440874,78.51362949,1.580790099
80.98927203,19.45747126,3.119348659,77.28477011,1.585667647
74.24040201,20.07656856,2.864465183,79.04106246,1.542037538
70.61620774,20.20790267,2.923243145,78.91382451,1.559087401
72.52529462,20.58490491,2.970909994,77.98128127,1.563479424
81.69201706,22.70737355,3.225533211,83.56371115,1.55622821
94.45117783,20.84688882,3.296865721,94.31560541,1.492217407
75.42330078,21.81789484,3.074716386,78.24805268,1.564224827
78.4607175,21.2222751,3.299801695,80.88496485,1.561421405
81.4939664,21.07397127,3.514243974,82.4485683,1.55184674
74.36355806,19.70623184,2.875940211,78.77686924,1.549627976
78.71601506,20.67631625,3.21610194,83.68470026,1.544816587
75.01555067,20.79387512,2.818801381,80.14967367,1.574692827
84.01506478,21.17702119,3.075424325,83.31659837,1.524099646
83.02801541,21.31162376,3.292722481,83.40007906,1.539988661
76.55394866,20.58411744,3.212401547,82.21371835,1.552040827
73.37328787,19.72423853,2.857997058,79.7175361,1.556132024
71.6766921,20.61470983,2.883317919,78.18054104,1.570875974
73.28958526,20.05068152,2.866469124,77.37885741,1.561068403
77.11991571,20.65052441,2.887072069,79.66967006,1.535352438
71.16202574,20.42325882,2.796267578,76.87605267,1.567305051
